{
  "timestamp": 1783516948.8435886,
  "quality_signal": 0.6815010125447469,
  "coupling_score": 0.8095238095238095,
  "cycle_count": 0,
  "god_file_count": 0,
  "hotspot_count": 0,
  "complex_fn_count": 2,
  "max_depth": 2,
  "total_import_edges": 21,
  "cross_module_edges": 17
}